dataset,method,run_name,row_type,seed,status,roc_auc,auprc,macro_f1,f1,delta_auprc_vs_base,delta_roc_auc_vs_base,delta_macro_f1_vs_base,delta_auprc_vs_best_single,delta_macro_f1_vs_best_single,near_cap_fraction,residual_shift_mean,residual_shift_max_abs,mean_gate_all_relations,gate_vs_near_cap_corr,gate_vs_abs_residual_corr,mean_sparse_penalty,positive_auprc_vs_base_seeds
amazon,base,base,seed,42,complete,0.9716901745158977,0.8687558927379789,0.9151690686910434,0.8410596026490066,0.0,0.0,0.0,-0.006094999157330805,0.0,,,,,,,,
amazon,base,base,seed,123,complete,0.9820047129537925,0.860012186805779,0.9166954284459226,0.8440065681444991,0.0,0.0,0.0,-0.0007038883602080714,0.0,,,,,,,,
amazon,base,base,seed,456,complete,0.975258358662614,0.8590609728417147,0.9134017576221067,0.8377483443708609,0.0,0.0,0.0,-0.0021119341614159737,-0.000531276779539791,,,,,,,,
amazon,base,base,seed,789,complete,0.9151224343430895,0.8121320421089955,0.9124449460269536,0.8360655737704918,0.0,0.0,0.0,-0.004002533676580988,-0.001707907794391894,,,,,,,,
amazon,base,base,seed,2026,complete,0.9485147365185616,0.8560399734825681,0.9273408483742751,0.8640776699029126,0.0,0.0,0.0,-0.0028791561804858423,0.0,,,,,,,,
amazon,base,base,mean,,5/5 complete,0.9585180833987911,0.8512002135954072,0.9170104098320603,0.8445915517675542,0.0,0.0,0.0,-0.0031585023072043363,-0.000447836914786337,,,,,,,,0
amazon,base,base,std,,5/5 complete,0.027334099006239447,0.02234608230206523,0.00600153191847369,0.011314232836133255,0.0,0.0,0.0,0.0020330931775483507,0.0007410152730200694,,,,,,,,0
amazon,best_single,cover_rel_uvu_nollm,seed,42,complete,0.9733964003961614,0.8748508918953097,0.9151690686910434,0.8410596026490066,0.006094999157330805,0.001706225880263701,0.0,0.0,0.0,0.9302578568458557,0.1393846571445465,0.20000004768371582,,,,,
amazon,best_single,cover_rel_uvu_nollm,seed,123,complete,0.9823899456985757,0.860716075165987,0.9166954284459226,0.8440065681444991,0.0007038883602080714,0.0003852327447831927,0.0,0.0,0.0,0.7752846479415894,0.16000740230083466,0.20000076293945312,,,,,
amazon,best_single,cover_rel_uvu_nollm,seed,456,complete,0.9759577883269015,0.8611729070031306,0.9139330344016465,0.8388157894736842,0.0021119341614159737,0.0006994296642874875,0.000531276779539791,0.0,0.0,0.9378767609596252,0.1485276073217392,0.20000028610229492,,,,,
amazon,best_single,cover_rel_uvu_nollm,seed,789,complete,0.9170404016256275,0.8161345757855765,0.9141528538213455,0.8391376451077943,0.004002533676580988,0.0019179672825380134,0.001707907794391894,0.0,0.0,0.7272270321846008,0.08328942954540253,0.20000076293945312,,,,,
amazon,best_single,cover_rel_uvu_nollm,seed,2026,complete,0.9498726136402444,0.858919129663054,0.9273408483742751,0.8640776699029126,0.0028791561804858423,0.0013578771216828933,0.0,0.0,0.0,0.7720194458961487,0.10939180105924606,0.20000076293945312,,,,,
amazon,best_single,cover_rel_uvu_nollm,mean,,5/5 complete,0.9597314299375022,0.8543587159026116,0.9174582467468466,0.8454194550555794,0.0031585023072043363,0.0012133465387110577,0.000447836914786337,0.0,0.0,0.8285331487655639,0.12812017947435378,0.20000052452087402,,,,,5
amazon,best_single,cover_rel_uvu_nollm,std,,5/5 complete,0.02684750741605465,0.022297201368259755,0.0056311807671338325,0.010632533553408659,0.0020330931775483507,0.0006538716496541374,0.0007410152730200694,0.0,0.0,0.09822941574497289,0.03130772606468646,3.371747880871523e-07,,,,,5
amazon,all_rel,cover_rel_all_nollm,seed,42,complete,0.9729831631433352,0.8731666221762755,0.9161821191105433,0.8429752066115702,0.004410729438296568,0.0012929886274375413,0.001013050419499839,-0.001684269719034237,0.001013050419499839,0.9449933171272278,0.13748905062675476,0.20000004768371582,,,,,
amazon,all_rel,cover_rel_all_nollm,seed,123,complete,0.9823045661008845,0.8614243869001847,0.9166954284459226,0.8440065681444991,0.001412200094405791,0.0002998531470919108,0.0,0.0007083117341977196,0.0,0.9212156534194946,0.17764541506767273,0.20000076293945312,,,,,
amazon,all_rel,cover_rel_all_nollm,seed,456,complete,0.9759857928349442,0.8615698733043867,0.9139330344016465,0.8388157894736842,0.002508900462672048,0.0007274341723302324,0.000531276779539791,0.00039696630125607424,0.0,0.9498493075370789,0.15734320878982544,0.20000004768371582,,,,,
amazon,all_rel,cover_rel_all_nollm,seed,789,complete,0.9170649909497628,0.815072266787911,0.9149416479921526,0.8407224958949097,0.002940224678915526,0.0019425566066733069,0.002496701965199022,-0.001062308997665462,0.0007887941708071278,0.9189551472663879,0.09561813622713089,0.20000076293945312,,,,,
amazon,all_rel,cover_rel_all_nollm,seed,2026,complete,0.9505447218332708,0.8590813951872782,0.9273408483742751,0.8640776699029126,0.003041421704710112,0.002029985314709215,0.0,0.00016226552422426987,0.0,0.8110348582267761,0.06730174273252487,0.20000076293945312,,,,,
amazon,all_rel,cover_rel_all_nollm,mean,,5/5 complete,0.9597766469724395,0.8540629088712073,0.917818615664908,0.8461195460055152,0.002862695275800009,0.0012585635736484413,0.0008082058328477304,-0.0002958070314043271,0.00036036891806139336,0.9092096567153931,0.12707951068878173,0.20000047683715821,,,,,5
amazon,all_rel,cover_rel_all_nollm,std,,5/5 complete,0.026712214533788244,0.022477506038185626,0.005431097288213703,0.010238637225631939,0.0010797535313717343,0.0007525535162147966,0.0010339322427884432,0.0010263252105597853,0.000499784606311661,0.05658944506839819,0.04512305468099103,3.917617017067667e-07,,,,,5
amazon,anchor_gate,cover_rel_anchor_gate_nollm,seed,42,complete,0.973676445476589,0.8751088536476418,0.9161821191105433,0.8429752066115702,0.006352960909662864,0.001986270960691372,0.001013050419499839,0.00025796175233205876,0.001013050419499839,0.921299397945404,0.11875291168689728,0.20000004768371582,0.8531786799430847,0.003302433528006077,-0.0019527928670868278,1.559536099433899,
amazon,anchor_gate,cover_rel_anchor_gate_nollm,seed,123,complete,0.9819999316963218,0.8606894202024248,0.9176982492653363,0.8459016393442623,0.0006772333966458266,-4.781257470720668e-06,0.001002820819413719,-2.6654963562244838e-05,0.001002820819413719,0.9833388924598694,0.18906325101852417,0.20000076293945312,0.7309049367904663,-0.42276400327682495,-0.39704903960227966,1.1927146911621094,
amazon,anchor_gate,cover_rel_anchor_gate_nollm,seed,456,complete,0.9758969980533452,0.8614742204058818,0.9139330344016465,0.8388157894736842,0.0024132475641671647,0.000638639390731166,0.000531276779539791,0.000301313402751191,0.0,0.9520261287689209,0.14863069355487823,0.20000004768371582,0.9921897053718567,0.14545753598213196,0.13202418386936188,1.9765691757202148,
amazon,anchor_gate,cover_rel_anchor_gate_nollm,seed,789,complete,0.9181250640346983,0.8167356337822179,0.9154301489130146,0.8415841584158416,0.00460359167322244,0.0030026296916088047,0.002985202886060967,0.000601057996641452,0.0012772950916690728,0.8056765198707581,0.04745963588356972,0.20000076293945312,0.6582655310630798,-0.17943456768989563,-0.15548589825630188,0.9747965931892395,
amazon,anchor_gate,cover_rel_anchor_gate_nollm,seed,2026,complete,0.9500870871896452,0.8595317467367781,0.9273408483742751,0.8640776699029126,0.0034917732542100177,0.0015723506710836332,0.0,0.0006126170737241754,0.0,0.9012893438339233,0.09731582552194595,0.20000076293945312,0.939597487449646,0.20990075170993805,0.22893288731575012,1.818792700767517,
amazon,anchor_gate,cover_rel_anchor_gate_nollm,mean,,5/5 complete,0.9599571052901199,0.8547079749549888,0.9181168800129631,0.8466708927496541,0.0035077613595816625,0.001439021891328851,0.0011064701809028632,0.0003492590523773265,0.0006586332661165262,0.9127260565757751,0.12024446353316307,0.20000047683715821,0.8348272681236267,-0.0487075699493289,-0.03870613190811127,1.504481852054596,5
amazon,anchor_gate,cover_rel_anchor_gate_nollm,std,,5/5 complete,0.026341619185844177,0.022152443908778133,0.005332054760728729,0.01006010998144496,0.00215093637591306,0.001171250095013008,0.0011296272316108562,0.0002667890015694517,0.0006112312580610742,0.0674436286007046,0.053308962355643245,3.917617017067667e-07,0.13968751534554683,0.25704627798630947,0.24707157191302884,0.4190626316581826,5
amazon,base_gate,cover_rel_base_gate_nollm,seed,42,complete,0.9734373826030531,0.8741259984413904,0.9161821191105433,0.8429752066115702,0.005370105703411454,0.0017472080871554496,0.001013050419499839,-0.0007248934539193508,0.001013050419499839,0.9151875376701355,0.12919767200946808,0.20000004768371582,0.8116320371627808,-0.20656007528305054,-0.20884867012500763,2.434896230697632,
amazon,base_gate,cover_rel_base_gate_nollm,seed,123,complete,0.9823667224480039,0.861078819852071,0.9166954284459226,0.8440065681444991,0.0010666330462920648,0.0003620094942113905,0.0,0.00036274468608399335,0.0,0.8895679712295532,0.15603473782539368,0.20000076293945312,0.8760715126991272,0.19738984107971191,0.18072710931301117,2.6282145977020264,
amazon,base_gate,cover_rel_base_gate_nollm,seed,456,complete,0.9765568115843037,0.8620441331523366,0.9129212919617091,0.8369028006589786,0.0029831603106219573,0.00129845292168973,-0.00048046566039761096,0.0008712261492059836,-0.001011742439937402,0.9386302828788757,0.12463314831256866,0.20000004768371582,0.9283947944641113,0.05238797143101692,0.04148252680897713,2.785184383392334,
amazon,base_gate,cover_rel_base_gate_nollm,seed,789,complete,0.9187637034254295,0.8165579323606443,0.9144175321444494,0.8396694214876033,0.004425890251648856,0.0036412690823399707,0.0019725861174958448,0.00042335657506786806,0.0002646783231039507,0.8602645397186279,0.02324823848903179,0.20000076293945312,0.560745894908905,-0.12001240253448486,-0.1115247830748558,1.6822377443313599,
amazon,base_gate,cover_rel_base_gate_nollm,seed,2026,complete,0.9501840784126226,0.8592021287609366,0.9273408483742751,0.8640776699029126,0.0031621552783684947,0.0016693418940610938,0.0,0.00028299909788265243,0.0,0.9567146897315979,0.1191188171505928,0.20000076293945312,0.9811574220657349,0.03908838331699371,0.03448314592242241,2.943472385406494,
amazon,base_gate,cover_rel_base_gate_nollm,mean,,5/5 complete,0.9602617396946825,0.8546018025134758,0.9175114440073799,0.8455263333611127,0.0034015889180685653,0.0017436562958915269,0.0005010341753196145,0.00024308661086422934,5.3197260533277555e-05,0.9120730042457581,0.110446522757411,0.20000047683715821,0.8316003322601319,-0.0075412563979625705,-0.012736134231090546,2.494801068305969,5
amazon,base_gate,cover_rel_base_gate_nollm,std,,5/5 complete,0.02622691111998146,0.02206260027378212,0.005694118955198125,0.010742890142459466,0.001628548544459479,0.0011951593473075923,0.0009865391743383042,0.0005873570053693691,0.0007255685338579636,0.0384007257665289,0.05076884075245095,3.917617017067667e-07,0.16391692709728078,0.15813035709914058,0.1506790248350096,0.49175078427307223,5
amazon,anchor_gate_conservative,cover_rel_anchor_gate_conservative_nollm,seed,42,complete,0.9726238857962501,0.8721940256737092,0.9161821191105433,0.8429752066115702,0.0034381329357302537,0.0009337112803524672,0.001013050419499839,-0.002656866221600551,0.001013050419499839,0.0,0.06848297268152237,0.10000038146972656,0.8142321109771729,0.0,-0.005178581457585096,1.442696213722229,
amazon,anchor_gate_conservative,cover_rel_anchor_gate_conservative_nollm,seed,123,complete,0.9821713739284861,0.8608006905640451,0.9176982492653363,0.8459016393442623,0.0007885037582661125,0.00016666097469353325,0.001002820819413719,8.461539805804108e-05,0.001002820819413719,0.0,0.06130348891019821,0.10000038146972656,0.5684975385665894,0.0,-0.21486802399158478,0.7054926156997681,
amazon,anchor_gate_conservative,cover_rel_anchor_gate_conservative_nollm,seed,456,complete,0.9757289710050886,0.8606678660065494,0.9129212919617091,0.8369028006589786,0.001606893164834755,0.0004706123424745856,-0.00048046566039761096,-0.0005050409965812186,-0.001011742439937402,0.0,0.07620841264724731,0.10000038146972656,0.4503867030143738,0.0,-0.12312100827693939,0.3511602282524109,
amazon,anchor_gate_conservative,cover_rel_anchor_gate_conservative_nollm,seed,789,complete,0.9160083330487346,0.8137654305398315,0.9149416479921526,0.8407224958949097,0.001633388430836047,0.0008858987056451495,0.002496701965199022,-0.0023691452457449413,0.0007887941708071278,0.0,0.04760155454277992,0.10000038146972656,0.9479732513427734,0.0,-0.02915828302502632,1.8439199924468994,
amazon,anchor_gate_conservative,cover_rel_anchor_gate_conservative_nollm,seed,2026,complete,0.9493412110242136,0.8574979964723127,0.9273408483742751,0.8640776699029126,0.0014580229897446229,0.0008264745056520972,0.0,-0.0014211331907412195,0.0,0.0,0.05163136124610901,0.10000038146972656,0.7689447999000549,0.0,0.37511545419692993,1.30683434009552,
amazon,anchor_gate_conservative,cover_rel_anchor_gate_conservative_nollm,mean,,5/5 complete,0.9591747549605546,0.8529852018512896,0.9178168313408033,0.8461159624825266,0.0017849882558823582,0.0006566715617635666,0.0008064215087429938,-0.0013735140513219779,0.00035858459395665676,0.0,0.06104555800557136,0.10000038146972656,0.7100068807601929,0.0,0.0005579114891588688,1.1300206780433655,5
amazon,anchor_gate_conservative,cover_rel_anchor_gate_conservative_nollm,std,,5/5 complete,0.027128417941607783,0.02262542752080655,0.005604155407794847,0.010565333027438293,0.0009858340808889634,0.0003289595482138649,0.001145066641437491,0.0011748328379673715,0.0008710374851079735,0.0,0.011775633274177091,0.0,0.19899252566076603,0.0,0.22522994985085754,0.5969775893557419,5
