dataset,model,run_name,seed,metrics_present,diagnostics_present,auprc,roc_auc,macro_f1,g_means,diag_mean_abs_delta_rel,diag_mean_alpha_llm,diag_mean_alpha_llm_accepted,diag_mean_alpha_llm_rejected,diag_max_abs_alpha_llm_rejected,diag_mean_gate_entropy,diag_mean_dominance_rho,diag_gate_weight_rel_0,diag_gate_weight_rel_1,diag_gate_weight_rel_2
yelpchi,bwgnn,phase2_yelp_s1_ltrust_0,42,True,True,0.5418089696232672,0.8589108266186026,0.7223861847791807,0.7115919787580537,1.5610558986663818,0.0,nan,0.0,0.0,0.003770135110244155,0.922478199005127,0.9995551109313965,0.00018820226250682026,0.00025670946342870593
yelpchi,bwgnn,phase2_yelp_s1_ltrust_0,123,True,True,0.5837096559420709,0.8706812738255842,0.7345687670250114,0.7084892847237918,1.472720742225647,0.0,nan,0.0,0.0,0.0019498392939567566,0.5566053986549377,0.9997817277908325,0.00011190096847712994,0.00010632698104018345
yelpchi,bwgnn,phase2_yelp_s1_ltrust_0,456,True,True,0.5709769940352815,0.8643949095418055,0.7261825864053593,0.7174183065346632,1.5506590604782104,0.0,nan,0.0,0.0,0.013982782140374184,0.7966985702514648,0.9980592131614685,0.0018153772689402103,0.000125429272884503
yelpchi,bwgnn,phase2_yelp_s1_ltrust_0,789,True,True,0.5698752989317205,0.8691991968083371,0.7274757666798934,0.7028958168413878,1.519639253616333,0.0,nan,0.0,0.0,0.002170210937038064,0.741055428981781,0.9997601509094238,0.00011606850603129715,0.00012384465662762523
yelpchi,bwgnn,phase2_yelp_s1_ltrust_0,2026,True,True,0.5666850095937047,0.8691665736704682,0.7292390879598205,0.6918908682750141,1.4595952033996582,0.0,nan,0.0,0.0,0.002967116655781865,0.6433504223823547,0.999657154083252,0.0001657253160374239,0.0001772010582499206
yelpchi,bwgnn,phase2_yelp_s1_ltrust_1em3,42,True,True,0.5417809451630766,0.8584225161513724,0.72236987773204,0.7114034154539737,1.554823875427246,0.0,nan,0.0,0.0,0.0034493948332965374,0.8917579650878906,0.999596118927002,0.00016619831149000674,0.00023771062842570245
yelpchi,bwgnn,phase2_yelp_s1_ltrust_1em3,123,True,True,0.5837470022119577,0.8707360587736928,0.7350738202540367,0.7080976841123263,1.4622730016708374,0.0,nan,0.0,0.0,0.0020031528547406197,0.5416092276573181,0.9997749328613281,0.00011501534754643217,0.00011007412831531838
yelpchi,bwgnn,phase2_yelp_s1_ltrust_1em3,456,True,True,0.5714834313581766,0.8647898187023326,0.7268291210959679,0.7192921257995915,1.5676653385162354,0.0,nan,0.0,0.0,0.012662852182984352,0.8683033585548401,0.9982766509056091,0.0016088192351162434,0.00011453673505457118
yelpchi,bwgnn,phase2_yelp_s1_ltrust_1em3,789,True,True,0.5700190910214703,0.869288046603475,0.7299221151487831,0.7129876689395436,1.4961854219436646,0.0,nan,0.0,0.0,0.002611338859423995,0.6481062769889832,0.9997029304504395,0.0001427942479494959,0.0001542620302643627
yelpchi,bwgnn,phase2_yelp_s1_ltrust_1em3,2026,True,True,0.5665523376943625,0.8690761391867489,0.7264724219551782,0.681543563817872,1.4757596254348755,0.0,nan,0.0,0.0,0.0036537847481667995,0.719397783279419,0.9995692372322083,0.00020355262677185237,0.00022714653459843248
yelpchi,bwgnn,phase2_yelp_s1_ltrust_3em3,42,True,True,0.5424490852129299,0.8589170462234119,0.7188507953050264,0.7198396335267837,1.5185513496398926,0.0,nan,0.0,0.0,0.012611275538802147,0.8778609037399292,0.9981866478919983,0.0008678281446918845,0.0009455586550757289
yelpchi,bwgnn,phase2_yelp_s1_ltrust_3em3,123,True,True,0.5839771917723436,0.870800673556988,0.7348910110711948,0.7138868384158591,1.4450962543487549,0.0,nan,0.0,0.0,0.0020339498296380043,0.5135881900787354,0.9997720718383789,0.00011631131928879768,0.0001115733030019328
yelpchi,bwgnn,phase2_yelp_s1_ltrust_3em3,456,True,True,0.5714141963541067,0.8645752065915611,0.7262739663947718,0.7194349501484013,1.5534971952438354,0.0,nan,0.0,0.0,0.011044679209589958,0.9035292267799377,0.9985374808311462,0.0013568357098847628,0.00010570114682195708
yelpchi,bwgnn,phase2_yelp_s1_ltrust_3em3,789,True,True,0.5705685362477186,0.8702140766528405,0.7285255266379437,0.7076231466015196,1.4470171928405762,0.0,nan,0.0,0.0,0.003491927869617939,0.5579915046691895,0.9995852112770081,0.00019646569853648543,0.00021831368212588131
yelpchi,bwgnn,phase2_yelp_s1_ltrust_3em3,2026,True,True,0.5664968026061951,0.8691357139454574,0.72960695753283,0.6908284040791202,1.4251610040664673,0.0,nan,0.0,0.0,0.0030552265234291553,0.5940561890602112,0.9996462464332581,0.00017004659457597882,0.00018372866907157004
yelpchi,bwgnn,phase2_yelp_s1_ltrust_1em2,42,True,True,0.5442405580147311,0.8603119653686685,0.724016759395059,0.7131335770927221,1.4248751401901245,0.0,nan,0.0,0.0,0.005096246022731066,0.5477021336555481,0.9993727207183838,0.0002656474243849516,0.00036166119389235973
yelpchi,bwgnn,phase2_yelp_s1_ltrust_1em2,123,True,True,0.5845693863928146,0.8709794454929205,0.7364238620104542,0.717985514501148,1.3709150552749634,0.0,nan,0.0,0.0,0.0021221362985670567,0.41459012031555176,0.9997645020484924,0.00011957658716710284,0.00011602329323068261
yelpchi,bwgnn,phase2_yelp_s1_ltrust_1em2,456,True,True,0.5719533974880616,0.8652692882753705,0.7262877662517608,0.7147365675594349,1.449805498123169,0.0,nan,0.0,0.0,0.017622683197259903,0.709603488445282,0.9974828958511353,0.0023366212844848633,0.00018043286399915814
yelpchi,bwgnn,phase2_yelp_s1_ltrust_1em2,789,True,True,0.57043317131458,0.8701518210299899,0.7278473724165269,0.7103588810837048,1.3428300619125366,0.0,nan,0.0,0.0,0.005053211003541946,0.4278182089328766,0.9993757605552673,0.00028983826632611454,0.00033439844264648855
yelpchi,bwgnn,phase2_yelp_s1_ltrust_1em2,2026,True,True,0.5656978668820507,0.8682992128434792,0.7282175453460161,0.6909464175404929,1.3667981624603271,0.0,nan,0.0,0.0,0.0034282980486750603,0.6367380023002625,0.999607503414154,0.0001744787150528282,0.00021803047275170684
yelpchi,bwgnn,phase2_yelp_s1_ltrust_3em2,42,True,True,0.5439340537074653,0.8603052572508381,0.7214135805341025,0.702915869865621,1.2275378704071045,0.0,nan,0.0,0.0,0.20724862813949585,0.4940173327922821,0.930581271648407,0.06506667286157608,0.00435208436101675
yelpchi,bwgnn,phase2_yelp_s1_ltrust_3em2,123,True,True,0.5837068720052214,0.8701059722956878,0.7363926355499859,0.7164871173992465,1.1784071922302246,0.0,nan,0.0,0.0,0.0020085531286895275,0.23813371360301971,0.9997864961624146,0.00010937447950709611,0.0001041840368998237
yelpchi,bwgnn,phase2_yelp_s1_ltrust_3em2,456,True,True,0.5880244077745228,0.8745795600766283,0.7318242895708056,0.7168353580547245,1.222825288772583,0.0,nan,0.0,0.0,0.19375033676624298,0.9199232459068298,0.8575195074081421,0.13517481088638306,0.00730573944747448
yelpchi,bwgnn,phase2_yelp_s1_ltrust_3em2,789,True,True,0.5694046906639271,0.8691276594380799,0.7294939298378815,0.7124574896095704,1.1676902770996094,0.0,nan,0.0,0.0,0.02326555736362934,0.3642176687717438,0.9964273571968079,0.00154535670299083,0.002027392853051424
yelpchi,bwgnn,phase2_yelp_s1_ltrust_3em2,2026,True,True,0.5647720850380535,0.867347303518931,0.7315368977539065,0.7111652786881957,1.210086703300476,0.0,nan,0.0,0.0,0.0028681159019470215,0.3419635593891144,0.9996853470802307,0.0001420157350366935,0.00017271790420636535
yelpchi,bwgnn,phase2_yelp_s2_lsparse_0,42,True,True,0.5423690550401971,0.8584545673715576,0.7189850900637489,0.7214697549654601,1.5351581573486328,0.0,nan,0.0,0.0,0.004353774711489677,0.8034638166427612,0.9994734525680542,0.00021431580535136163,0.000312309100991115
yelpchi,bwgnn,phase2_yelp_s2_lsparse_0,123,True,True,0.5841066488752028,0.8708239315427877,0.7350696789592547,0.7071415845964972,1.4567188024520874,0.0,nan,0.0,0.0,0.0021852878853678703,0.5260074734687805,0.9997533559799194,0.0001300093426834792,0.00011669893137877807
yelpchi,bwgnn,phase2_yelp_s2_lsparse_0,456,True,True,0.5713588392882979,0.8647241673182359,0.7268661228902572,0.71894651698199,1.5495387315750122,0.0,nan,0.0,0.0,0.015311111696064472,0.839796781539917,0.9978573322296143,0.0020032727625221014,0.00013940884673502296
yelpchi,bwgnn,phase2_yelp_s2_lsparse_0,789,True,True,0.5703946168417463,0.8695579440903282,0.7281319764691336,0.7099072548033512,1.4649715423583984,0.0,nan,0.0,0.0,0.0033110417425632477,0.6043675541877747,0.9996115565299988,0.0001848125393735245,0.0002036794467130676
yelpchi,bwgnn,phase2_yelp_s2_lsparse_0,2026,True,True,0.5666774888521815,0.8691868290884293,0.729595581060607,0.6914194417744022,1.4253785610198975,0.0,nan,0.0,0.0,0.00309727038256824,0.5941520929336548,0.9996408224105835,0.00017332112474832684,0.00018589133105706424
yelpchi,bwgnn,phase2_yelp_s2_lsparse_3em4,42,True,True,0.542367049873897,0.8589059891481957,0.7191908773999913,0.721029979591202,1.530434250831604,0.0,nan,0.0,0.0,0.007935211062431335,0.8483473062515259,0.9989516735076904,0.00046020065201446414,0.0005881803808733821
yelpchi,bwgnn,phase2_yelp_s2_lsparse_3em4,123,True,True,0.5840599436686151,0.8708266838966401,0.7349051445655008,0.713142649415005,1.4454455375671387,0.0,nan,0.0,0.0,0.002107348060235381,0.5104193091392517,0.9997634887695312,0.0001233299553859979,0.00011325342347845435
yelpchi,bwgnn,phase2_yelp_s2_lsparse_3em4,456,True,True,0.5712551740733679,0.8646544648505469,0.7264120663190151,0.7187698127213594,1.533900260925293,0.0,nan,0.0,0.0,0.015279150567948818,0.7880529165267944,0.9978541135787964,0.0020119212567806244,0.00013391903485171497
yelpchi,bwgnn,phase2_yelp_s2_lsparse_3em4,789,True,True,0.5705344810796216,0.8697626072163953,0.727724129482562,0.7080767177259111,1.456255555152893,0.0,nan,0.0,0.0,0.0035936858039349318,0.5891022682189941,0.9995748400688171,0.00020248829969204962,0.00022269085457082838
yelpchi,bwgnn,phase2_yelp_s2_lsparse_3em4,2026,True,True,0.5665654197945922,0.8691491659259736,0.7298721080212535,0.6915140077930041,1.4245595932006836,0.0,nan,0.0,0.0,0.003083852119743824,0.5944058299064636,0.9996424913406372,0.000172100291820243,0.00018537149298936129
yelpchi,bwgnn,phase2_yelp_s2_lsparse_1em3,42,True,True,0.5424490852129299,0.8589170462234119,0.7188507953050264,0.7198396335267837,1.5185513496398926,0.0,nan,0.0,0.0,0.012611275538802147,0.8778609037399292,0.9981866478919983,0.0008678281446918845,0.0009455586550757289
yelpchi,bwgnn,phase2_yelp_s2_lsparse_1em3,123,True,True,0.5839771917723436,0.870800673556988,0.7348910110711948,0.7138868384158591,1.4450962543487549,0.0,nan,0.0,0.0,0.0020339498296380043,0.5135881900787354,0.9997720718383789,0.00011631131928879768,0.0001115733030019328
yelpchi,bwgnn,phase2_yelp_s2_lsparse_1em3,456,True,True,0.5714141963541067,0.8645752065915611,0.7262739663947718,0.7194349501484013,1.5534971952438354,0.0,nan,0.0,0.0,0.011044679209589958,0.9035292267799377,0.9985374808311462,0.0013568357098847628,0.00010570114682195708
yelpchi,bwgnn,phase2_yelp_s2_lsparse_1em3,789,True,True,0.5705685362477186,0.8702140766528405,0.7285255266379437,0.7076231466015196,1.4470171928405762,0.0,nan,0.0,0.0,0.003491927869617939,0.5579915046691895,0.9995852112770081,0.00019646569853648543,0.00021831368212588131
yelpchi,bwgnn,phase2_yelp_s2_lsparse_1em3,2026,True,True,0.5664968026061951,0.8691357139454574,0.72960695753283,0.6908284040791202,1.4251610040664673,0.0,nan,0.0,0.0,0.0030552265234291553,0.5940561890602112,0.9996462464332581,0.00017004659457597882,0.00018372866907157004
yelpchi,bwgnn,phase2_yelp_s2_lsparse_3em3,42,True,True,0.5428485151062244,0.8591422507262818,0.718428081297348,0.7198419839397178,1.5372196435928345,0.0,nan,0.0,0.0,0.0029653951060026884,0.8152112364768982,0.9996607899665833,0.0001329238439211622,0.0002063704887405038
yelpchi,bwgnn,phase2_yelp_s2_lsparse_3em3,123,True,True,0.5841476269143541,0.8709198707342121,0.7347111466511155,0.7068235975451866,1.4590785503387451,0.0,nan,0.0,0.0,0.00209868629463017,0.5346932411193848,0.9997619390487671,0.00011614406685112044,0.0001219456025864929
yelpchi,bwgnn,phase2_yelp_s2_lsparse_3em3,456,True,True,0.5710487456441178,0.8646004662892535,0.7260740090331129,0.7184580834426645,1.5400880575180054,0.0,nan,0.0,0.0,0.011069673113524914,0.7776945233345032,0.9985341429710388,0.001361464150249958,0.00010441753693157807
yelpchi,bwgnn,phase2_yelp_s2_lsparse_3em3,789,True,True,0.5705007768208417,0.8701547640230701,0.7282748130848491,0.7077184095388114,1.4538373947143555,0.0,nan,0.0,0.0,0.003346360055729747,0.5691103935241699,0.9996041655540466,0.0001885272649815306,0.00020737413433380425
yelpchi,bwgnn,phase2_yelp_s2_lsparse_3em3,2026,True,True,0.5664702769290103,0.8690594105945033,0.728620767813892,0.6902927527715047,1.4297912120819092,0.0,nan,0.0,0.0,0.003098416840657592,0.6027490496635437,0.9996405839920044,0.00017192219092976302,0.0001875447778729722
yelpchi,bwgnn,phase2_yelp_s3_lalign_0,42,True,True,0.5429824090228346,0.8594081209594463,0.7225087463169031,0.7087097770546193,1.5263161659240723,0.0,0.0,0.0,0.0,0.0031672557815909386,0.7591876983642578,0.999636709690094,0.0001443918445147574,0.0002189433726016432
yelpchi,bwgnn,phase2_yelp_s3_lalign_0,123,True,True,0.5837449309672283,0.8706294199556045,0.7351892135031242,0.7143693574560229,1.440797209739685,0.0,0.0,0.0,0.0,0.0019998266361653805,0.5086089372634888,0.9997765421867371,0.00011931376502616331,0.00010411121184006333
yelpchi,bwgnn,phase2_yelp_s3_lalign_0,456,True,True,0.5707613229755735,0.8643707102748182,0.72678942505081,0.7171104426445106,1.5315431356430054,0.0,0.0,0.0,0.0,0.019777420908212662,0.8055667877197266,0.9970834255218506,0.002787184901535511,0.00012946051720064133
yelpchi,bwgnn,phase2_yelp_s3_lalign_0,789,True,True,0.5708994269371033,0.8701707124710083,0.7268021702766418,0.6886764168739319,1.4236031770706177,0.0,0.0,0.0,0.0,0.003957720473408699,nan,0.9995197057723999,0.00023079686798155308,0.0002495904918760061
yelpchi,bwgnn,phase2_yelp_s3_lalign_0,2026,True,True,0.5663936138153076,0.8686699867248535,0.7323544025421143,0.7226859927177429,1.519780158996582,0.0,0.0,0.0,0.0,0.13522624969482422,nan,0.9490081667900085,0.0009285542764700949,0.05006331205368042
yelpchi,bwgnn,phase2_yelp_s3_lalign_1em3,42,True,True,0.5444540403788491,0.860581195618224,0.7223029132917482,0.7187603141136844,1.4455628395080566,0.0,0.0,0.0,0.0,0.3554937541484833,0.6721862554550171,0.885504424571991,0.06141027808189392,0.05308537185192108
yelpchi,bwgnn,phase2_yelp_s3_lalign_1em3,123,True,True,0.583940757515,0.8712131096115271,0.7358238993783609,0.7064491710023924,1.4227476119995117,0.0,0.0,0.0,0.0,0.2960915267467499,0.585437536239624,0.9160397052764893,0.06695656478404999,0.01700368896126747
yelpchi,bwgnn,phase2_yelp_s3_lalign_1em3,456,True,True,0.5712831020355225,0.8646317720413208,0.7258765697479248,0.715124785900116,1.502850890159607,0.0,0.0,0.0,0.0,0.1247999519109726,nan,0.9720169901847839,0.008615990169346333,0.019367123022675514
yelpchi,bwgnn,phase2_yelp_s3_lalign_1em3,789,True,True,0.5711163878440857,0.8709123134613037,0.7285540103912354,0.708757758140564,1.4552620649337769,0.0,0.0,0.0,0.0,0.20241817831993103,nan,0.9394219517707825,0.021643947809934616,0.03893420100212097
yelpchi,bwgnn,phase2_yelp_s3_lalign_1em3,2026,True,True,0.5741362571716309,0.8712254166603088,0.7349859476089478,0.7181962728500366,1.3593477010726929,0.0,0.0,0.0,0.0,0.36357125639915466,nan,0.4218921959400177,0.05378733575344086,0.5243205428123474
yelpchi,bwgnn,phase2_yelp_s3_lalign_3em3,42,True,True,0.556187727692306,0.8680933820521413,0.7273451997788853,0.7237834557907659,1.5655370950698853,0.0,0.0,0.0,0.0,0.31900036334991455,0.7853390574455261,0.7924160957336426,0.03498782590031624,0.1725960522890091
yelpchi,bwgnn,phase2_yelp_s3_lalign_3em3,123,True,True,0.5837189657784749,0.8718026375938032,0.7354222970872553,0.7262021656755672,1.3938101530075073,0.0,0.0,0.0,0.0,0.43221020698547363,0.5109843611717224,0.8312699794769287,0.13618631660938263,0.03254368156194687
yelpchi,bwgnn,phase2_yelp_s3_lalign_3em3,456,True,True,0.5732231140136719,0.8671399354934692,0.72719407081604,0.7141693830490112,1.5383648872375488,0.0,0.0,0.0,0.0,0.360135555267334,nan,0.8532877564430237,0.04131819307804108,0.1053941398859024
yelpchi,bwgnn,phase2_yelp_s3_lalign_3em3,789,True,True,0.5808975100517273,0.8775740265846252,0.7272497415542603,0.6832210421562195,1.5956653356552124,0.0,0.0,0.0,0.0,0.280735582113266,nan,0.7662034034729004,0.1682305783033371,0.06556601077318192
yelpchi,bwgnn,phase2_yelp_s3_lalign_3em3,2026,True,True,0.5667382478713989,0.8694788217544556,0.7328906059265137,0.7181532382965088,1.479714035987854,0.0,0.0,0.0,0.0,0.25666895508766174,nan,0.9043287634849548,0.027704857289791107,0.06796631962060928
yelpchi,bwgnn,phase2_yelp_s3_lalign_1em2,42,True,True,0.5617775190942811,0.8681795509831373,0.7255219033125817,0.7470318223761591,1.5532407760620117,0.0,0.0,0.0,0.0,0.35534900426864624,0.5929665565490723,0.8068496584892273,0.07860685884952545,0.11454346776008606
yelpchi,bwgnn,phase2_yelp_s3_lalign_1em2,123,True,True,0.583326074725053,0.8717489726511586,0.7335938158349726,0.7027790979017792,1.4582699537277222,0.0,0.0,0.0,0.0,0.471588671207428,0.4698725640773773,0.7991565465927124,0.1486881673336029,0.05215538665652275
yelpchi,bwgnn,phase2_yelp_s3_lalign_1em2,456,True,True,0.5726966261863708,0.8663201928138733,0.7255611419677734,0.715910792350769,1.457936406135559,0.0,0.0,0.0,0.0,0.40779027342796326,nan,0.8457198143005371,0.11958224326372147,0.03469802811741829
yelpchi,bwgnn,phase2_yelp_s3_lalign_1em2,789,True,True,0.5722517967224121,0.8720923066139221,0.7290517091751099,0.7053650617599487,1.4651901721954346,0.0,0.0,0.0,0.0,0.5163869261741638,nan,0.7936518788337708,0.04750189557671547,0.15884627401828766
yelpchi,bwgnn,phase2_yelp_s3_lalign_1em2,2026,True,True,0.5782915353775024,0.874598503112793,0.7374229431152344,0.719092845916748,1.3749932050704956,0.0,0.0,0.0,0.0,0.3489059507846832,nan,0.8135687708854675,0.1165359765291214,0.06989526003599167
yelpchi,bwgnn,phase2_yelp_s3_alpha_0,42,True,True,0.5444540403788491,0.860581195618224,0.7223029132917482,0.7187603141136844,1.4455628395080566,0.0,0.0,0.0,0.0,0.3554937541484833,0.6721862554550171,0.885504424571991,0.06141027808189392,0.05308537185192108
yelpchi,bwgnn,phase2_yelp_s3_alpha_0,123,True,True,0.583940757515,0.8712131096115271,0.7358238993783609,0.7064491710023924,1.4227476119995117,0.0,0.0,0.0,0.0,0.2960915267467499,0.585437536239624,0.9160397052764893,0.06695656478404999,0.01700368896126747
yelpchi,bwgnn,phase2_yelp_s3_alpha_0,456,True,True,0.5712831020355225,0.8646317720413208,0.7258765697479248,0.715124785900116,1.502850890159607,0.0,0.0,0.0,0.0,0.1247999519109726,nan,0.9720169901847839,0.008615990169346333,0.019367123022675514
yelpchi,bwgnn,phase2_yelp_s3_alpha_0,789,True,True,0.5711163878440857,0.8709123134613037,0.7285540103912354,0.708757758140564,1.4552620649337769,0.0,0.0,0.0,0.0,0.20241817831993103,nan,0.9394219517707825,0.021643947809934616,0.03893420100212097
yelpchi,bwgnn,phase2_yelp_s3_alpha_0,2026,True,True,0.5741362571716309,0.8712254166603088,0.7349859476089478,0.7181962728500366,1.3593477010726929,0.0,0.0,0.0,0.0,0.36357125639915466,nan,0.4218921959400177,0.05378733575344086,0.5243205428123474
yelpchi,bwgnn,phase2_yelp_s3_alpha_01,42,True,True,0.5443793019497862,0.8605259698169012,0.7240971671822759,0.7133467044051599,1.444868803024292,8.161130244843662e-05,0.09616322815418243,0.0,0.0,0.3570922315120697,0.6728472709655762,0.8846420049667358,0.06157086789608002,0.053787149488925934
yelpchi,bwgnn,phase2_yelp_s3_alpha_01,123,True,True,0.5841271281242371,0.8715604543685913,0.73530513048172,0.7049211263656616,1.4039865732192993,7.823599298717454e-05,0.06307468563318253,0.0,0.0,0.3746962547302246,nan,0.8898369669914246,0.08276327699422836,0.02739984728395939
yelpchi,bwgnn,phase2_yelp_s3_alpha_01,456,True,True,0.5730764269828796,0.8665761947631836,0.7265040278434753,0.7142719030380249,1.4871655702590942,0.00011147945770062506,0.09665899723768234,0.0,0.0,0.2647046446800232,nan,0.8777614831924438,0.11662959307432175,0.005609049461781979
yelpchi,bwgnn,phase2_yelp_s3_alpha_01,789,True,True,0.5692082643508911,0.8684064745903015,0.7272445559501648,0.7069631218910217,1.4688799381256104,7.19211675459519e-05,0.09720779210329056,0.0,0.0,0.24054056406021118,nan,0.9371379017829895,0.03766586259007454,0.025196176022291183
yelpchi,bwgnn,phase2_yelp_s3_alpha_01,2026,True,True,0.5774965882301331,0.8725782632827759,0.736823558807373,0.7190582156181335,1.6029332876205444,0.00010648016905179247,0.09986100345849991,0.0,0.0,0.25014761090278625,nan,0.8169992566108704,0.029256951063871384,0.15374374389648438
yelpchi,bwgnn,phase2_yelp_s3_alpha_03,42,True,True,0.5444047460559065,0.8604875917573412,0.7244055891929966,0.7132836315030293,1.436500906944275,0.00024507701164111495,0.28877609968185425,0.0,0.0,0.3427727222442627,0.6697413325309753,0.8915733098983765,0.06123606860637665,0.04719063639640808
yelpchi,bwgnn,phase2_yelp_s3_alpha_03,123,True,True,0.5899317860603333,0.8763355612754822,0.7359594106674194,0.7159565091133118,1.4740233421325684,0.0003477762802504003,0.28038087487220764,0.0,0.0,0.4109126329421997,nan,0.6442750692367554,0.35041743516921997,0.005307531915605068
yelpchi,bwgnn,phase2_yelp_s3_alpha_03,456,True,True,0.571755588054657,0.8652874231338501,0.7273347973823547,0.7193087339401245,1.4393051862716675,0.00014522763376589864,0.12592056393623352,0.0,0.0,0.2321968972682953,nan,0.9348933100700378,0.02086726948618889,0.044239431619644165
yelpchi,bwgnn,phase2_yelp_s3_alpha_03,789,True,True,0.5706069469451904,0.8704442977905273,0.7281793355941772,0.7058027386665344,1.4603440761566162,0.00022038212046027184,0.2978658676147461,0.0,0.0,0.28143754601478577,nan,0.8848954439163208,0.10426758974790573,0.010836943052709103
yelpchi,bwgnn,phase2_yelp_s3_alpha_03,2026,True,True,0.5675695538520813,0.8692713975906372,0.7342400550842285,0.7140234708786011,1.464924693107605,0.00031755302916280925,0.29781287908554077,0.0,0.0,0.2507493197917938,nan,0.908126175403595,0.02788676880300045,0.0639871135354042
